invoice_type,invoice_id,amount,date,customer_id,status
ptype,1,994.7,01/01/2023,3359,paid
ptype,2,549.18,02/01/2023,2135,unpaid
ptype,3,592.22,03/01/2023,1726,paid
ptype,4,680.77,04/01/2023,4783,unpaid
ptype,5,625.64,05/01/2023,3894,unpaid
ptype,6,125.28,06/01/2023,4761,paid
ptype,7,140.91,07/01/2023,3223,paid
etype,8,736.3,08/01/2023,1609,paid
etype,9,813.64,09/01/2023,1461,paid
etype,10,106.13,10/01/2023,1700,unpaid
etype,11,698.22,11/01/2023,2135,unpaid
etype,12,612.59,12/01/2023,3454,paid
ptype,13,466.7,13/01/2023,4684,pending
ptype,14,678.83,14/01/2023,4623,paid
etype,15,630.4,15/01/2023,1686,paid
ptype,16,527.29,16/01/2023,1850,paid
etype,17,424.94,17/01/2023,1699,unpaid
etype,18,745.68,18/01/2023,1071,paid
etype,19,849.02,19/01/2023,1993,unpaid
etype,20,168.48,20/01/2023,4727,paid
etype,21,162.38,21/01/2023,2630,paid
ptype,22,836.88,22/01/2023,1587,pending
ptype,23,556.04,23/01/2023,1142,unpaid
etype,24,607.3,24/01/2023,1477,paid
ptype,25,545.94,25/01/2023,2939,paid
etype,26,708.81,26/01/2023,2445,paid
etype,27,749.96,27/01/2023,4735,pending
ptype,28,710.13,28/01/2023,1962,paid
etype,29,578.11,29/01/2023,3132,paid
etype,30,899.15,30/01/2023,1808,paid
ptype,31,654.33,31/01/2023,2592,paid
ptype,32,325.38,01/02/2023,3246,pending
etype,33,154.08,02/02/2023,3280,unpaid
etype,34,389.42,03/02/2023,1666,paid
etype,35,189.01,04/02/2023,3209,paid
ptype,36,257.38,05/02/2023,4947,paid
etype,37,473.8,06/02/2023,3367,unpaid
etype,38,186.31,07/02/2023,2267,paid
etype,39,280.19,08/02/2023,4890,paid
etype,40,857.74,09/02/2023,1739,unpaid
etype,41,484.18,10/02/2023,3008,unpaid
ptype,42,338.43,11/02/2023,3598,unpaid
etype,43,605.55,12/02/2023,1878,pending
ptype,44,446.43,13/02/2023,3174,pending
etype,45,404.44,14/02/2023,3435,paid
etype,46,529.16,15/02/2023,1801,unpaid
etype,47,906.69,16/02/2023,2759,unpaid
ptype,48,158.4,17/02/2023,4354,unpaid
etype,49,349.85,18/02/2023,3560,pending
etype,50,883.94,19/02/2023,4811,unpaid
etype,51,879.35,20/02/2023,3648,paid
ptype,52,718.96,21/02/2023,4062,pending
ptype,53,553.85,22/02/2023,4461,unpaid
etype,54,488.03,23/02/2023,4983,pending
etype,55,640.11,24/02/2023,4727,paid
etype,56,176.93,25/02/2023,4845,paid
etype,57,169.55,26/02/2023,3727,pending
etype,58,717.94,27/02/2023,4920,pending
etype,59,595.17,28/02/2023,3519,pending
etype,60,523.39,01/03/2023,1456,unpaid
ptype,61,566.63,02/03/2023,1491,paid
ptype,62,787.21,03/03/2023,2860,paid
etype,63,359.12,04/03/2023,4558,pending
ptype,64,327.9,05/03/2023,3754,pending
ptype,65,350.19,06/03/2023,3116,paid
etype,66,413.77,07/03/2023,3046,pending
etype,67,144.05,08/03/2023,2289,paid
etype,68,311.56,09/03/2023,2889,unpaid
etype,69,978.7,10/03/2023,4725,paid
etype,70,556.65,11/03/2023,1875,pending
etype,71,617.27,12/03/2023,3148,paid
etype,72,350.7,13/03/2023,3547,unpaid
ptype,73,515.96,14/03/2023,4454,paid
ptype,74,781.51,15/03/2023,2180,unpaid
ptype,75,599.25,16/03/2023,3710,unpaid
ptype,76,244.17,17/03/2023,4326,paid
ptype,77,203.26,18/03/2023,4174,pending
ptype,78,573.26,19/03/2023,1303,paid
ptype,79,265.36,20/03/2023,4513,unpaid
etype,80,569.65,21/03/2023,4800,pending
etype,81,462.71,22/03/2023,3726,pending
ptype,82,562.03,23/03/2023,2352,unpaid
ptype,83,441.06,24/03/2023,1833,unpaid
etype,84,168.62,25/03/2023,3293,paid
ptype,85,301.72,26/03/2023,4221,paid
ptype,86,507.3,27/03/2023,1601,unpaid
ptype,87,465.12,28/03/2023,2459,pending
ptype,88,146.44,29/03/2023,2149,pending
etype,89,794.12,30/03/2023,4119,pending
etype,90,341.6,31/03/2023,4939,pending
etype,91,494.73,01/04/2023,3967,unpaid
etype,92,126.16,02/04/2023,3564,unpaid
ptype,93,549.28,03/04/2023,4012,pending
ptype,94,113.41,04/04/2023,4542,paid
ptype,95,808.32,05/04/2023,2421,unpaid
etype,96,710.18,06/04/2023,2519,paid
ptype,97,769.16,07/04/2023,2866,paid
ptype,98,431.75,08/04/2023,2595,pending
ptype,99,642.13,09/04/2023,3478,paid
etype,100,432.79,10/04/2023,2431,pending
ptype,101,461.14,11/04/2023,4781,pending
etype,102,409.83,12/04/2023,1100,paid
ptype,103,312.69,13/04/2023,3390,paid
etype,104,922,14/04/2023,4506,paid
etype,105,441.78,15/04/2023,4819,pending
etype,106,698.55,16/04/2023,2391,paid
ptype,107,593.69,17/04/2023,1583,unpaid
ptype,108,842.65,18/04/2023,4373,paid
ptype,109,480.3,19/04/2023,2929,unpaid
etype,110,234.58,20/04/2023,2778,paid
ptype,111,911.05,21/04/2023,1678,pending
etype,112,131.46,22/04/2023,2846,paid
ptype,113,525.69,23/04/2023,2101,paid
ptype,114,334.75,24/04/2023,3506,pending
etype,115,726.65,25/04/2023,2410,paid
etype,116,826.69,26/04/2023,1809,paid
etype,117,402.95,27/04/2023,4547,pending
etype,118,276.26,28/04/2023,4715,pending
etype,119,105.83,29/04/2023,4838,paid
etype,120,548.39,30/04/2023,3138,unpaid
ptype,121,937.69,01/05/2023,4677,paid
etype,122,460.71,02/05/2023,2949,unpaid
etype,123,326.03,03/05/2023,3969,unpaid
etype,124,878.35,04/05/2023,4105,paid
ptype,125,858.91,05/05/2023,3531,paid
etype,126,366.35,06/05/2023,2601,paid
ptype,127,226.55,07/05/2023,2071,unpaid
ptype,128,662.66,08/05/2023,2832,paid
etype,129,874.67,09/05/2023,2644,pending
ptype,130,318.08,10/05/2023,3270,unpaid
ptype,131,679.02,11/05/2023,2177,pending
etype,132,725.58,12/05/2023,3666,unpaid
ptype,133,306.24,13/05/2023,4478,pending
ptype,134,757.78,14/05/2023,1271,pending
etype,135,314.06,15/05/2023,1053,unpaid
ptype,136,290.63,16/05/2023,3446,unpaid
etype,137,891.95,17/05/2023,1268,unpaid
etype,138,529.8,18/05/2023,2017,unpaid
ptype,139,815.16,19/05/2023,1767,unpaid
ptype,140,484.06,20/05/2023,1109,paid
ptype,141,800.95,21/05/2023,2725,pending
ptype,142,218.16,22/05/2023,4556,paid
etype,143,371.83,23/05/2023,3074,unpaid
etype,144,244.46,24/05/2023,4340,paid
etype,145,148.45,25/05/2023,2982,paid
ptype,146,133.82,26/05/2023,4848,paid
ptype,147,430.17,27/05/2023,1377,unpaid
etype,148,793.99,28/05/2023,1035,pending
ptype,149,370.87,29/05/2023,1321,paid
ptype,150,297.8,30/05/2023,4148,pending
etype,151,625,31/05/2023,4970,unpaid
ptype,152,459.25,01/06/2023,3261,paid
ptype,153,371.07,02/06/2023,1128,paid
etype,154,766.4,03/06/2023,3620,unpaid
etype,155,714.17,04/06/2023,4926,unpaid
ptype,156,735.54,05/06/2023,3289,pending
ptype,157,745.33,06/06/2023,3253,paid
ptype,158,203.81,07/06/2023,1398,unpaid
ptype,159,886.26,08/06/2023,3392,unpaid
etype,160,375.01,09/06/2023,2440,paid
ptype,161,976.4,10/06/2023,1255,pending
etype,162,263.52,11/06/2023,3977,paid
ptype,163,573.81,12/06/2023,1363,unpaid
etype,164,970.25,13/06/2023,1926,pending
etype,165,377.86,14/06/2023,3298,pending
etype,166,201.72,15/06/2023,2395,paid
etype,167,445.14,16/06/2023,3216,unpaid
ptype,168,462.2,17/06/2023,4332,paid
ptype,169,606.99,18/06/2023,1517,pending
ptype,170,958.29,19/06/2023,2242,paid
ptype,171,817.35,20/06/2023,2368,unpaid
ptype,172,243.93,21/06/2023,1279,unpaid
etype,173,606.28,22/06/2023,3841,unpaid
etype,174,688.3,23/06/2023,4608,pending
etype,175,193.05,24/06/2023,4118,pending
etype,176,571.3,25/06/2023,4379,paid
ptype,177,133.32,26/06/2023,2509,unpaid
etype,178,737.6,27/06/2023,3952,unpaid
etype,179,318.05,28/06/2023,3365,pending
ptype,180,868.31,29/06/2023,2694,pending
etype,181,568.14,30/06/2023,3760,unpaid
etype,182,957.53,01/07/2023,1845,paid
etype,183,975.13,02/07/2023,3458,pending
ptype,184,864.55,03/07/2023,3682,unpaid
ptype,185,961.79,04/07/2023,4686,paid
etype,186,128.49,05/07/2023,3400,paid
etype,187,573.86,06/07/2023,3257,pending
ptype,188,818.53,07/07/2023,4625,pending
etype,189,281.91,08/07/2023,1793,paid
ptype,190,149.32,09/07/2023,4812,unpaid
ptype,191,229.81,10/07/2023,2611,paid
ptype,192,134.8,11/07/2023,3202,unpaid
ptype,193,813.87,12/07/2023,3607,paid
ptype,194,651.96,13/07/2023,2962,unpaid
etype,195,460.51,14/07/2023,2157,paid
ptype,196,162.63,15/07/2023,3797,unpaid
etype,197,928.48,16/07/2023,2413,unpaid
ptype,198,763.57,17/07/2023,1460,paid
etype,199,556.95,18/07/2023,3000,unpaid
etype,200,926.71,19/07/2023,1744,pending
ptype,201,204.96,20/07/2023,3777,paid
ptype,202,522.59,21/07/2023,2191,paid
etype,203,652.98,22/07/2023,2672,unpaid
etype,204,794.76,23/07/2023,3156,pending
etype,205,678.99,24/07/2023,1544,paid
etype,206,211.63,25/07/2023,1370,unpaid
ptype,207,161.16,26/07/2023,3916,unpaid
etype,208,669.46,27/07/2023,4013,pending
ptype,209,610.99,28/07/2023,1652,paid
etype,210,619.03,29/07/2023,3619,pending
etype,211,650.42,30/07/2023,4189,paid
etype,212,232.64,31/07/2023,4719,unpaid
ptype,213,839.59,01/08/2023,3331,paid
ptype,214,508.15,02/08/2023,3782,unpaid
etype,215,906.47,03/08/2023,4901,paid
ptype,216,900.34,04/08/2023,1224,paid
ptype,217,201.02,05/08/2023,4514,unpaid
etype,218,320.77,06/08/2023,1664,paid
etype,219,225.7,07/08/2023,3147,unpaid
etype,220,375.75,08/08/2023,4566,paid
etype,221,711.93,09/08/2023,4325,paid
ptype,222,680.99,10/08/2023,3208,paid
ptype,223,761.38,11/08/2023,3198,paid
etype,224,719.37,12/08/2023,3660,paid
etype,225,977.36,13/08/2023,2167,unpaid
ptype,226,819.75,14/08/2023,4412,unpaid
etype,227,115.27,15/08/2023,1786,pending
etype,228,279.52,16/08/2023,3687,pending
ptype,229,375.07,17/08/2023,3206,unpaid
etype,230,966.33,18/08/2023,4480,unpaid
ptype,231,714.74,19/08/2023,4089,paid
ptype,232,895.54,20/08/2023,2656,paid
ptype,233,982.82,21/08/2023,2198,unpaid
ptype,234,942.3,22/08/2023,3944,pending
ptype,235,351.33,23/08/2023,1332,paid
ptype,236,652.78,24/08/2023,3783,pending
etype,237,157.6,25/08/2023,2255,unpaid
ptype,238,677.44,26/08/2023,3628,pending
ptype,239,202.57,27/08/2023,1316,pending
ptype,240,264.64,28/08/2023,1785,unpaid
etype,241,590.35,29/08/2023,4331,paid
ptype,242,264.19,30/08/2023,1791,unpaid
ptype,243,227.7,31/08/2023,4811,paid
ptype,244,401.7,01/09/2023,1091,paid
etype,245,967.87,02/09/2023,3975,pending
ptype,246,185.73,03/09/2023,2213,paid
ptype,247,408.64,04/09/2023,2078,paid
etype,248,254.05,05/09/2023,1498,paid
etype,249,159.89,06/09/2023,1638,unpaid
etype,250,279.21,07/09/2023,1308,pending
etype,251,949.35,08/09/2023,3631,unpaid
etype,252,779.75,09/09/2023,3535,paid
etype,253,567.52,10/09/2023,2472,unpaid
etype,254,660.48,11/09/2023,2018,unpaid
etype,255,740.15,12/09/2023,1266,pending
etype,256,807.3,13/09/2023,2958,unpaid
ptype,257,212.67,14/09/2023,2340,paid
ptype,258,980.14,15/09/2023,2584,pending
etype,259,848.23,16/09/2023,1373,paid
ptype,260,743.86,17/09/2023,2678,pending
etype,261,684.53,18/09/2023,4115,pending
etype,262,622.46,19/09/2023,2773,pending
ptype,263,484.55,20/09/2023,3270,unpaid
ptype,264,197.46,21/09/2023,2530,unpaid
etype,265,504.21,22/09/2023,4084,paid
ptype,266,883.97,23/09/2023,3697,unpaid
ptype,267,580.95,24/09/2023,2671,pending
ptype,268,635.65,25/09/2023,2510,pending
ptype,269,864.12,26/09/2023,1469,unpaid
etype,270,798.85,27/09/2023,4506,paid
etype,271,319.21,28/09/2023,4338,pending
etype,272,468.27,29/09/2023,2414,unpaid
etype,273,228.65,30/09/2023,4405,unpaid
ptype,274,982.89,01/10/2023,3170,unpaid
ptype,275,215.81,02/10/2023,1263,unpaid
etype,276,445.04,03/10/2023,2077,unpaid
ptype,277,908.19,04/10/2023,4361,unpaid
etype,278,607.08,05/10/2023,3508,pending
etype,279,847.83,06/10/2023,2364,unpaid
etype,280,657.49,07/10/2023,3166,unpaid
ptype,281,165.05,08/10/2023,2890,paid
etype,282,246.67,09/10/2023,4121,unpaid
ptype,283,810.09,10/10/2023,1663,paid
ptype,284,677.24,11/10/2023,1712,paid
etype,285,402.65,12/10/2023,2540,pending
ptype,286,660.37,13/10/2023,4235,unpaid
etype,287,800.47,14/10/2023,4806,paid
ptype,288,963.48,15/10/2023,3366,paid
ptype,289,445.86,16/10/2023,1035,pending
ptype,290,437.85,17/10/2023,3171,pending
ptype,291,525.84,18/10/2023,4549,paid
etype,292,898.9,19/10/2023,1809,paid
etype,293,693.71,20/10/2023,3747,pending
etype,294,469.82,21/10/2023,4920,unpaid
ptype,295,905.56,22/10/2023,2735,unpaid
ptype,296,439.97,23/10/2023,1206,paid
ptype,297,123.08,24/10/2023,2450,unpaid
etype,298,352.15,25/10/2023,1642,unpaid
ptype,299,363.41,26/10/2023,3282,paid
ptype,300,908.88,27/10/2023,2007,paid
etype,301,317.08,28/10/2023,3522,unpaid
ptype,302,840.59,29/10/2023,3927,pending
ptype,303,390.62,30/10/2023,3148,pending
ptype,304,962.97,31/10/2023,4629,pending
etype,305,716.4,01/11/2023,3620,pending
ptype,306,524.79,02/11/2023,2158,pending
ptype,307,260.63,03/11/2023,2796,unpaid
etype,308,104.19,04/11/2023,4759,paid
etype,309,241.8,05/11/2023,2600,paid
etype,310,291.46,06/11/2023,2144,unpaid
etype,311,271.34,07/11/2023,3746,pending
ptype,312,874.91,08/11/2023,4917,unpaid
etype,313,892.3,09/11/2023,4318,paid
ptype,314,330.61,10/11/2023,4121,unpaid
ptype,315,130.22,11/11/2023,1593,unpaid
ptype,316,164.89,12/11/2023,4062,paid
ptype,317,479.48,13/11/2023,3299,unpaid
etype,318,192.12,14/11/2023,4444,unpaid
ptype,319,615.57,15/11/2023,3166,paid
etype,320,696.21,16/11/2023,1487,paid
ptype,321,307.89,17/11/2023,4300,paid
etype,322,684.03,18/11/2023,3878,unpaid
ptype,323,421.83,19/11/2023,4755,paid
etype,324,405.07,20/11/2023,4213,pending
etype,325,425.62,21/11/2023,1993,unpaid
ptype,326,491.25,22/11/2023,4976,unpaid
ptype,327,834.08,23/11/2023,1965,paid
etype,328,924.51,24/11/2023,1055,unpaid
ptype,329,497.22,25/11/2023,2222,unpaid
etype,330,842.55,26/11/2023,2005,pending
etype,331,961.17,27/11/2023,2132,unpaid
etype,332,374.34,28/11/2023,1841,pending
etype,333,235.76,29/11/2023,1359,paid
ptype,334,695.41,30/11/2023,2771,pending
ptype,335,259.89,01/12/2023,2604,pending
etype,336,667.52,02/12/2023,4047,unpaid
etype,337,649.04,03/12/2023,4519,paid
ptype,338,936.51,04/12/2023,4656,pending
ptype,339,147.01,05/12/2023,4856,paid
ptype,340,172.01,06/12/2023,4105,unpaid
etype,341,591.51,07/12/2023,3212,unpaid
etype,342,866.39,08/12/2023,2609,pending
ptype,343,762.06,09/12/2023,4015,pending
ptype,344,916.25,10/12/2023,1248,unpaid
etype,345,767.68,11/12/2023,1648,pending
etype,346,849.15,12/12/2023,1942,unpaid
ptype,347,719.77,13/12/2023,3506,paid
etype,348,500.2,14/12/2023,1927,unpaid
ptype,349,877.46,15/12/2023,3562,pending
etype,350,461.62,16/12/2023,4392,paid
etype,351,828.05,17/12/2023,3456,pending
ptype,352,666.7,18/12/2023,1365,paid
ptype,353,669.31,19/12/2023,2052,unpaid
ptype,354,237.05,20/12/2023,3069,unpaid
ptype,355,532.75,21/12/2023,1945,pending
etype,356,823.57,22/12/2023,1795,unpaid
ptype,357,639.8,23/12/2023,1986,unpaid
etype,358,403.68,24/12/2023,3376,pending
ptype,359,534.95,25/12/2023,2007,pending
etype,360,199.61,26/12/2023,4382,pending
etype,361,180.84,27/12/2023,2279,paid
etype,362,821.07,28/12/2023,4801,unpaid
etype,363,745.1,29/12/2023,3649,pending
etype,364,402.77,30/12/2023,2989,pending
etype,365,260.14,31/12/2023,2313,paid
etype,366,601.08,01/01/2024,2878,pending
etype,367,149.3,02/01/2024,3708,unpaid
etype,368,348.01,03/01/2024,1343,pending
ptype,369,355.53,04/01/2024,3553,pending
ptype,370,791.49,05/01/2024,3988,unpaid
etype,371,232.53,06/01/2024,1267,paid
etype,372,888.98,07/01/2024,2693,paid
ptype,373,406.23,08/01/2024,1290,paid
etype,374,713.56,09/01/2024,1550,pending
etype,375,784.35,10/01/2024,1043,pending
etype,376,287.52,11/01/2024,4605,paid
ptype,377,555.57,12/01/2024,1049,pending
ptype,378,307.65,13/01/2024,3829,paid
etype,379,509.49,14/01/2024,2936,paid
etype,380,419.39,15/01/2024,4483,pending
ptype,381,362.62,16/01/2024,3930,paid
etype,382,451.37,17/01/2024,4972,unpaid
etype,383,711.31,18/01/2024,2871,unpaid
etype,384,595.95,19/01/2024,2529,paid
ptype,385,665.06,20/01/2024,1863,unpaid
ptype,386,837.22,21/01/2024,1328,pending
ptype,387,421.56,22/01/2024,4959,paid
ptype,388,462.98,23/01/2024,3919,unpaid
etype,389,289.92,24/01/2024,1594,paid
ptype,390,449.48,25/01/2024,3203,pending
ptype,391,279.53,26/01/2024,2934,unpaid
etype,392,574.52,27/01/2024,2441,paid
etype,393,636.02,28/01/2024,2271,unpaid
ptype,394,568.31,29/01/2024,3028,unpaid
etype,395,357.08,30/01/2024,1180,unpaid
etype,396,513.11,31/01/2024,4846,unpaid
ptype,397,119.19,01/02/2024,1393,paid
etype,398,558.4,02/02/2024,1319,unpaid
ptype,399,983.42,03/02/2024,4821,unpaid
etype,400,917.33,04/02/2024,3616,pending
etype,401,491.24,05/02/2024,3275,paid
etype,402,185.32,06/02/2024,2447,pending
etype,403,843.07,07/02/2024,3351,pending
etype,404,895.09,08/02/2024,3175,paid
ptype,405,908.28,09/02/2024,2582,unpaid
ptype,406,979.01,10/02/2024,3673,paid
ptype,407,917.65,11/02/2024,3409,pending
ptype,408,462.87,12/02/2024,1622,paid
etype,409,636.79,13/02/2024,2187,pending
etype,410,736.56,14/02/2024,1099,pending
etype,411,997.45,15/02/2024,3333,pending
ptype,412,501.4,16/02/2024,4820,paid
ptype,413,301.6,17/02/2024,4804,paid
etype,414,261.44,18/02/2024,2439,paid
etype,415,506.39,19/02/2024,2112,paid
ptype,416,311.55,20/02/2024,2468,paid
ptype,417,281.68,21/02/2024,1248,pending
etype,418,925.34,22/02/2024,1817,pending
ptype,419,634.68,23/02/2024,1332,unpaid
ptype,420,666.82,24/02/2024,1263,unpaid
ptype,421,241.1,25/02/2024,4375,paid
etype,422,444.78,26/02/2024,4740,paid
etype,423,516.4,27/02/2024,1082,unpaid
etype,424,387.03,28/02/2024,4212,unpaid
etype,425,621.8,29/02/2024,1675,unpaid
etype,426,229.97,01/03/2024,4763,unpaid
ptype,427,939.71,02/03/2024,4269,pending
ptype,428,892.88,03/03/2024,3190,unpaid
ptype,429,447.19,04/03/2024,1252,paid
etype,430,716.33,05/03/2024,4922,unpaid
etype,431,595.11,06/03/2024,1003,pending
ptype,432,324.13,07/03/2024,4929,paid
ptype,433,505.1,08/03/2024,1302,pending
ptype,434,510.18,09/03/2024,4900,pending
etype,435,568.93,10/03/2024,2605,unpaid
etype,436,453.04,11/03/2024,3897,pending
etype,437,212.01,12/03/2024,1593,paid
etype,438,168.43,13/03/2024,3032,pending
ptype,439,755.7,14/03/2024,4032,paid
etype,440,516.57,15/03/2024,1999,paid
ptype,441,315.3,16/03/2024,4498,pending
etype,442,515.98,17/03/2024,3323,unpaid
etype,443,463.75,18/03/2024,4422,unpaid
etype,444,520.91,19/03/2024,2009,pending
etype,445,443.68,20/03/2024,3730,pending
etype,446,568.52,21/03/2024,1280,pending
ptype,447,521.2,22/03/2024,2441,pending
ptype,448,296.85,23/03/2024,3729,pending
etype,449,486.48,24/03/2024,4775,paid
ptype,450,118.23,25/03/2024,4178,unpaid
ptype,451,408.66,26/03/2024,3178,unpaid
ptype,452,344.28,27/03/2024,2938,unpaid
ptype,453,446.88,28/03/2024,4267,unpaid
ptype,454,477.82,29/03/2024,1291,unpaid
ptype,455,436.47,30/03/2024,4703,paid
etype,456,112.22,31/03/2024,1508,pending
ptype,457,243.99,01/04/2024,3902,pending
ptype,458,300.21,02/04/2024,2334,unpaid
etype,459,321.47,03/04/2024,2801,pending
etype,460,222.5,04/04/2024,3348,paid
etype,461,141.1,05/04/2024,2594,unpaid
etype,462,387.56,06/04/2024,1147,unpaid
etype,463,543.86,07/04/2024,1091,unpaid
ptype,464,610.18,08/04/2024,4924,paid
etype,465,494.02,09/04/2024,2927,pending
ptype,466,235.69,10/04/2024,1312,pending
ptype,467,517.82,11/04/2024,3631,paid
ptype,468,827.03,12/04/2024,4274,paid
etype,469,373.11,13/04/2024,4944,unpaid
etype,470,657.93,14/04/2024,2946,paid
ptype,471,848.61,15/04/2024,3045,pending
etype,472,438.4,16/04/2024,2621,unpaid
etype,473,972.08,17/04/2024,2343,pending
ptype,474,651.49,18/04/2024,1544,pending
etype,475,798.63,19/04/2024,2349,paid
etype,476,799.76,20/04/2024,4436,unpaid
etype,477,836.52,21/04/2024,1412,unpaid
ptype,478,396.37,22/04/2024,2826,unpaid
ptype,479,674.81,23/04/2024,2550,unpaid
ptype,480,795.38,24/04/2024,2964,pending
ptype,481,971.88,25/04/2024,1924,unpaid
ptype,482,657.76,26/04/2024,3998,unpaid
ptype,483,182.07,27/04/2024,4118,unpaid
etype,484,909.53,28/04/2024,1486,pending
ptype,485,610.58,29/04/2024,2265,unpaid
ptype,486,777.98,30/04/2024,3556,pending
ptype,487,333.05,01/05/2024,3991,pending
ptype,488,158.3,02/05/2024,1807,paid
etype,489,273.18,03/05/2024,2073,unpaid
etype,490,426.65,04/05/2024,1399,unpaid
etype,491,326.28,05/05/2024,1022,pending
etype,492,328.06,06/05/2024,3320,paid
etype,493,682.28,07/05/2024,3085,unpaid
etype,494,382.21,08/05/2024,4950,paid
ptype,495,430.78,09/05/2024,2401,pending
ptype,496,323.58,10/05/2024,2327,pending
ptype,497,436,11/05/2024,3475,pending
etype,498,146.98,12/05/2024,1589,unpaid
ptype,499,268.41,13/05/2024,3811,pending
ptype,500,582.52,14/05/2024,1442,paid
etype,501,963.21,15/05/2024,4227,paid
ptype,502,384.33,16/05/2024,2744,pending
ptype,503,722.79,17/05/2024,4851,pending
etype,504,872.43,18/05/2024,2738,pending
ptype,505,850.15,19/05/2024,2635,paid
ptype,506,173.21,20/05/2024,2108,unpaid
ptype,507,565.63,21/05/2024,2795,paid
ptype,508,496.78,22/05/2024,1320,pending
ptype,509,277.97,23/05/2024,2168,unpaid
etype,510,434.03,24/05/2024,1149,unpaid
ptype,511,779.25,25/05/2024,2501,pending
etype,512,726.96,26/05/2024,1914,pending
ptype,513,377.74,27/05/2024,1244,paid
ptype,514,312.27,28/05/2024,2016,pending
ptype,515,597.79,29/05/2024,4604,paid
etype,516,970.74,30/05/2024,1863,paid
ptype,517,706.55,31/05/2024,1472,unpaid
ptype,518,886.55,01/06/2024,2452,unpaid
ptype,519,461.57,02/06/2024,3529,unpaid
ptype,520,749.86,03/06/2024,2335,pending
etype,521,493.38,04/06/2024,2179,unpaid
ptype,522,786.74,05/06/2024,3359,pending
ptype,523,894.67,06/06/2024,2639,unpaid
ptype,524,152.96,07/06/2024,4795,pending
ptype,525,808.27,08/06/2024,4127,pending
etype,526,330.26,09/06/2024,4886,paid
etype,527,127.71,10/06/2024,3842,pending
etype,528,280.55,11/06/2024,1491,pending
ptype,529,973.02,12/06/2024,1114,pending
ptype,530,116.12,13/06/2024,2732,unpaid
etype,531,211.2,14/06/2024,2320,unpaid
ptype,532,897.25,15/06/2024,2453,unpaid
ptype,533,712.79,16/06/2024,2817,pending
etype,534,851.49,17/06/2024,4077,pending
ptype,535,462.84,18/06/2024,3192,paid
etype,536,476.87,19/06/2024,1659,pending
etype,537,454.31,20/06/2024,4729,pending
ptype,538,390.72,21/06/2024,2672,paid
etype,539,793.08,22/06/2024,4900,paid
ptype,540,480.9,23/06/2024,4267,unpaid
ptype,541,989.97,24/06/2024,1690,pending
ptype,542,440.18,25/06/2024,3776,pending
etype,543,811.39,26/06/2024,4319,pending
ptype,544,498.09,27/06/2024,2775,pending
ptype,545,166.09,28/06/2024,3583,paid
ptype,546,594.56,29/06/2024,2812,paid
ptype,547,131.33,30/06/2024,3777,paid
etype,548,653.46,01/07/2024,1614,pending
etype,549,993.79,02/07/2024,1301,paid
etype,550,571.99,03/07/2024,2294,pending
ptype,551,100.37,04/07/2024,2180,unpaid
etype,552,312.88,05/07/2024,4314,paid
ptype,553,137.25,06/07/2024,4712,paid
etype,554,926.8,07/07/2024,2337,paid
ptype,555,454.75,08/07/2024,2645,unpaid
etype,556,772.85,09/07/2024,2257,unpaid
etype,557,657.27,10/07/2024,1468,pending
etype,558,410.73,11/07/2024,4155,pending
ptype,559,377.13,12/07/2024,2624,pending
etype,560,969.36,13/07/2024,4700,paid
etype,561,622.48,14/07/2024,4780,unpaid
etype,562,732.85,15/07/2024,3664,pending
etype,563,375.58,16/07/2024,1920,pending
etype,564,559.51,17/07/2024,2811,paid
ptype,565,796.81,18/07/2024,1565,paid
ptype,566,415.03,19/07/2024,1161,paid
etype,567,565.4,20/07/2024,2746,paid
etype,568,827.7,21/07/2024,4788,unpaid
ptype,569,996.76,22/07/2024,4478,paid
etype,570,992.51,23/07/2024,2811,paid
ptype,571,551.96,24/07/2024,4662,paid
ptype,572,343.81,25/07/2024,4443,paid
ptype,573,448.71,26/07/2024,3031,paid
etype,574,473.9,27/07/2024,1056,unpaid
etype,575,981.37,28/07/2024,1023,unpaid
etype,576,693.75,29/07/2024,3940,pending
ptype,577,481.84,30/07/2024,1979,paid
ptype,578,130.69,31/07/2024,2781,paid
etype,579,756.49,01/08/2024,2301,unpaid
ptype,580,707.28,02/08/2024,3447,paid
etype,581,902.86,03/08/2024,3328,pending
etype,582,365.16,04/08/2024,1374,unpaid
ptype,583,663.24,05/08/2024,4907,pending
ptype,584,911.15,06/08/2024,3950,paid
ptype,585,362.4,07/08/2024,2828,unpaid
etype,586,764.77,08/08/2024,3434,pending
ptype,587,166.39,09/08/2024,4233,pending
etype,588,720.09,10/08/2024,2691,pending
etype,589,907.43,11/08/2024,1543,paid
ptype,590,864.99,12/08/2024,2563,unpaid
etype,591,659.56,13/08/2024,1629,paid
ptype,592,985.99,14/08/2024,1124,pending
ptype,593,130.57,15/08/2024,4159,pending
etype,594,771.13,16/08/2024,4973,paid
etype,595,764.98,17/08/2024,2843,unpaid
etype,596,653.3,18/08/2024,3565,paid
ptype,597,709.53,19/08/2024,2318,unpaid
etype,598,530.48,20/08/2024,3480,pending
etype,599,458.63,21/08/2024,3584,pending
etype,600,394.11,22/08/2024,4631,paid
etype,601,194.54,23/08/2024,2070,paid
ptype,602,814.21,24/08/2024,3426,unpaid
etype,603,536.12,25/08/2024,3183,paid
ptype,604,458.1,26/08/2024,1052,unpaid
etype,605,480.13,27/08/2024,3513,paid
ptype,606,955.2,28/08/2024,1209,paid
etype,607,316.32,29/08/2024,2405,paid
etype,608,249.67,30/08/2024,2624,paid
etype,609,306.23,31/08/2024,3407,unpaid
ptype,610,738.83,01/09/2024,4101,pending
ptype,611,973.43,02/09/2024,4061,pending
etype,612,319.76,03/09/2024,4664,paid
ptype,613,248.05,04/09/2024,3624,paid
etype,614,609.26,05/09/2024,2744,paid
ptype,615,938.29,06/09/2024,1800,paid
ptype,616,265.65,07/09/2024,2713,unpaid
ptype,617,679.65,08/09/2024,1263,paid
ptype,618,508.73,09/09/2024,4080,pending
etype,619,200.26,10/09/2024,3211,paid
etype,620,236.7,11/09/2024,4278,unpaid
etype,621,228.97,12/09/2024,3852,unpaid
ptype,622,550.97,13/09/2024,1087,pending
etype,623,795.16,14/09/2024,1880,pending
ptype,624,424.32,15/09/2024,2281,unpaid
ptype,625,780.69,16/09/2024,2608,unpaid
etype,626,788.87,17/09/2024,1262,pending
ptype,627,427.92,18/09/2024,4633,pending
ptype,628,144.51,19/09/2024,3334,unpaid
ptype,629,168.98,20/09/2024,2906,unpaid
etype,630,614.6,21/09/2024,2098,unpaid
ptype,631,215.9,22/09/2024,1926,paid
etype,632,635.09,23/09/2024,3029,unpaid
ptype,633,284.91,24/09/2024,1033,pending
etype,634,951.93,25/09/2024,3384,unpaid
etype,635,713.97,26/09/2024,4088,paid
etype,636,308.62,27/09/2024,3457,paid
ptype,637,277.63,28/09/2024,1745,paid
ptype,638,933.84,29/09/2024,2665,unpaid
etype,639,654.36,30/09/2024,4340,pending
ptype,640,788.77,01/10/2024,3058,paid
etype,641,383.17,02/10/2024,2913,pending
ptype,642,236.12,03/10/2024,1849,pending
etype,643,400.41,04/10/2024,3272,pending
etype,644,602.63,05/10/2024,3883,unpaid
ptype,645,719.16,06/10/2024,2804,paid
etype,646,188.31,07/10/2024,3752,unpaid
ptype,647,672.59,08/10/2024,2693,pending
ptype,648,836.15,09/10/2024,2563,pending
ptype,649,890.76,10/10/2024,4107,paid
etype,650,529.28,11/10/2024,3033,pending
ptype,651,286.19,12/10/2024,3385,pending
ptype,652,712.4,13/10/2024,1356,unpaid
etype,653,774.87,14/10/2024,2932,unpaid
ptype,654,586.37,15/10/2024,1817,paid
etype,655,709.94,16/10/2024,4093,pending
ptype,656,977.58,17/10/2024,3946,pending
ptype,657,160.03,18/10/2024,2540,pending
ptype,658,750.28,19/10/2024,1511,paid
ptype,659,464.05,20/10/2024,1734,paid
etype,660,350.57,21/10/2024,2870,pending
etype,661,977.45,22/10/2024,4695,pending
ptype,662,258.3,23/10/2024,1385,pending
etype,663,293.93,24/10/2024,4175,unpaid
ptype,664,640.54,25/10/2024,4165,unpaid
etype,665,143.97,26/10/2024,3871,unpaid
ptype,666,468.38,27/10/2024,2545,pending
etype,667,578.4,28/10/2024,1202,paid
ptype,668,533.13,29/10/2024,2710,paid
ptype,669,453.4,30/10/2024,3976,pending
ptype,670,891.66,31/10/2024,1915,pending
ptype,671,398.18,01/11/2024,2082,unpaid
etype,672,735.11,02/11/2024,2597,unpaid
ptype,673,197.1,03/11/2024,1196,unpaid
ptype,674,582.43,04/11/2024,1443,unpaid
ptype,675,323.91,05/11/2024,1279,pending
ptype,676,732.77,06/11/2024,1118,pending
ptype,677,973.7,07/11/2024,2837,pending
etype,678,318.23,08/11/2024,4899,unpaid
ptype,679,659.99,09/11/2024,1012,unpaid
etype,680,835.39,10/11/2024,3177,pending
etype,681,125.81,11/11/2024,2098,paid
etype,682,601.82,12/11/2024,3835,pending
ptype,683,356.91,13/11/2024,3901,unpaid
etype,684,369.26,14/11/2024,2415,paid
etype,685,176.66,15/11/2024,4249,paid
ptype,686,466.9,16/11/2024,3540,paid
ptype,687,677.79,17/11/2024,1846,paid
etype,688,220.02,18/11/2024,2847,unpaid
etype,689,393.19,19/11/2024,4150,unpaid
etype,690,107.38,20/11/2024,3744,unpaid
ptype,691,292.68,21/11/2024,2251,pending
ptype,692,460.52,22/11/2024,2417,paid
ptype,693,266.65,23/11/2024,1214,pending
ptype,694,425.33,24/11/2024,4155,pending
etype,695,695.5,25/11/2024,2697,pending
ptype,696,869.29,26/11/2024,2535,unpaid
etype,697,732.94,27/11/2024,4612,paid
ptype,698,923.98,28/11/2024,3016,pending
ptype,699,564.3,29/11/2024,4920,pending
ptype,700,302.31,30/11/2024,3947,paid
ptype,701,339.08,01/12/2024,4490,paid
ptype,702,203.51,02/12/2024,2837,paid
ptype,703,472.16,03/12/2024,4987,unpaid
ptype,704,125.83,04/12/2024,1714,paid
etype,705,492.79,05/12/2024,3160,unpaid
ptype,706,377.47,06/12/2024,4428,paid
ptype,707,305.5,07/12/2024,2874,pending
etype,708,589.1,08/12/2024,2334,pending
etype,709,292.05,09/12/2024,1418,unpaid
ptype,710,297.7,10/12/2024,4349,unpaid
etype,711,387.52,11/12/2024,2023,unpaid
etype,712,564.83,12/12/2024,2151,paid
etype,713,216.37,13/12/2024,3901,pending
etype,714,203.39,14/12/2024,3806,unpaid
ptype,715,307.14,15/12/2024,1887,paid
ptype,716,221.58,16/12/2024,3031,paid
etype,717,640.61,17/12/2024,4009,pending
ptype,718,987.47,18/12/2024,4147,pending
ptype,719,436.17,19/12/2024,3395,paid
etype,720,469.12,20/12/2024,2277,unpaid
ptype,721,781.66,21/12/2024,4218,paid
etype,722,124.36,22/12/2024,3141,paid
ptype,723,698.8,23/12/2024,3008,unpaid
etype,724,986.1,24/12/2024,4533,paid
ptype,725,220.9,25/12/2024,2500,paid
ptype,726,177.01,26/12/2024,1481,unpaid
etype,727,815.67,27/12/2024,1358,paid
ptype,728,749.98,28/12/2024,4317,unpaid
etype,729,963.82,29/12/2024,2387,paid
ptype,730,771.87,30/12/2024,3173,paid
etype,731,182.31,31/12/2024,1829,unpaid
ptype,732,755.21,01/01/2025,4775,unpaid
ptype,733,709.07,02/01/2025,4905,pending
etype,734,363.07,03/01/2025,2188,unpaid
ptype,735,294.17,04/01/2025,2961,pending
ptype,736,106.62,05/01/2025,3024,unpaid
etype,737,785.5,06/01/2025,3388,unpaid
ptype,738,992.88,07/01/2025,3402,unpaid
ptype,739,574.5,08/01/2025,2897,paid
etype,740,410.43,09/01/2025,2063,paid
ptype,741,837.9,10/01/2025,2223,pending
etype,742,712.98,11/01/2025,2871,unpaid
etype,743,654.31,12/01/2025,3549,unpaid
ptype,744,256.31,13/01/2025,2554,pending
ptype,745,373.06,14/01/2025,4964,unpaid
ptype,746,823.45,15/01/2025,1560,paid
ptype,747,454.78,16/01/2025,1304,unpaid
ptype,748,737.87,17/01/2025,2369,unpaid
ptype,749,610.18,18/01/2025,3467,unpaid
ptype,750,554.2,19/01/2025,2567,unpaid
ptype,751,854.97,20/01/2025,3596,unpaid
ptype,752,562.5,21/01/2025,1284,pending
ptype,753,790.03,22/01/2025,4288,unpaid
etype,754,536.5,23/01/2025,2288,pending
etype,755,615.96,24/01/2025,3867,unpaid
ptype,756,945.38,25/01/2025,1148,paid
ptype,757,387.53,26/01/2025,3975,unpaid
etype,758,119.51,27/01/2025,1477,pending
etype,759,287.52,28/01/2025,3806,pending
etype,760,609.02,29/01/2025,3124,unpaid
etype,761,257,30/01/2025,4560,pending
etype,762,419.14,31/01/2025,1596,pending
ptype,763,505.96,01/02/2025,1884,pending
ptype,764,824.48,02/02/2025,1120,pending
etype,765,110.11,03/02/2025,2344,pending
etype,766,592.46,04/02/2025,2410,pending
ptype,767,720.02,05/02/2025,3102,paid
ptype,768,453.26,06/02/2025,2557,unpaid
etype,769,363.55,07/02/2025,1480,unpaid
ptype,770,962.86,08/02/2025,1933,pending
etype,771,717.6,09/02/2025,1338,paid
etype,772,271.09,10/02/2025,3624,paid
etype,773,253.27,11/02/2025,1197,pending
etype,774,214.49,12/02/2025,4051,paid
etype,775,490.45,13/02/2025,2867,pending
etype,776,859.06,14/02/2025,1311,unpaid
ptype,777,918.78,15/02/2025,4751,pending
ptype,778,720.95,16/02/2025,4589,pending
etype,779,921.21,17/02/2025,1992,pending
ptype,780,682.65,18/02/2025,4239,unpaid
ptype,781,937.64,19/02/2025,4166,paid
ptype,782,330.02,20/02/2025,2119,unpaid
ptype,783,671.97,21/02/2025,2022,unpaid
etype,784,557.57,22/02/2025,2565,pending
etype,785,663.84,23/02/2025,1674,paid
ptype,786,206.69,24/02/2025,4553,pending
ptype,787,208.28,25/02/2025,4946,paid
ptype,788,466.71,26/02/2025,4071,unpaid
ptype,789,188.14,27/02/2025,4895,unpaid
etype,790,776.37,28/02/2025,3785,paid
ptype,791,973,01/03/2025,1189,pending
ptype,792,673.43,02/03/2025,3624,pending
ptype,793,785.95,03/03/2025,3396,unpaid
ptype,794,462.56,04/03/2025,1471,pending
ptype,795,303.97,05/03/2025,1798,pending
etype,796,302.04,06/03/2025,4991,unpaid
ptype,797,723.4,07/03/2025,2059,unpaid
etype,798,351.06,08/03/2025,2770,unpaid
etype,799,502.96,09/03/2025,3972,paid
ptype,800,962.94,10/03/2025,4536,paid
etype,801,180.71,11/03/2025,1781,paid
etype,802,719.54,12/03/2025,3931,pending
ptype,803,132.63,13/03/2025,2747,pending
etype,804,486.61,14/03/2025,3888,paid
etype,805,620.3,15/03/2025,1927,pending
etype,806,529.41,16/03/2025,1184,unpaid
ptype,807,731.12,17/03/2025,1782,paid
ptype,808,500.93,18/03/2025,3358,pending
etype,809,552.05,19/03/2025,2664,pending
etype,810,125.43,20/03/2025,3166,paid
etype,811,766.78,21/03/2025,4742,paid
etype,812,937.13,22/03/2025,1183,unpaid
ptype,813,700.18,23/03/2025,1576,paid
etype,814,645.03,24/03/2025,4628,paid
ptype,815,610.3,25/03/2025,3841,pending
ptype,816,331.21,26/03/2025,2142,paid
etype,817,599.2,27/03/2025,3014,paid
ptype,818,770.51,28/03/2025,3784,unpaid
etype,819,524.14,29/03/2025,2417,paid
etype,820,194.2,30/03/2025,2263,pending
etype,821,463.99,31/03/2025,4621,pending
ptype,822,842.99,01/04/2025,2815,pending
ptype,823,378.03,02/04/2025,2694,pending
etype,824,454.18,03/04/2025,3519,paid
ptype,825,139.24,04/04/2025,4681,unpaid
ptype,826,670.94,05/04/2025,1718,unpaid
ptype,827,420.35,06/04/2025,1815,paid
ptype,828,876,07/04/2025,1640,unpaid
ptype,829,333.34,08/04/2025,4093,pending
ptype,830,396.17,09/04/2025,3146,unpaid
etype,831,513.73,10/04/2025,3345,paid
etype,832,458.21,11/04/2025,2451,pending
ptype,833,871.56,12/04/2025,3795,paid
ptype,834,739.31,13/04/2025,2940,paid
ptype,835,599.83,14/04/2025,1711,pending
etype,836,221.6,15/04/2025,4822,unpaid
etype,837,924.29,16/04/2025,1535,unpaid
etype,838,484.18,17/04/2025,4252,paid
etype,839,544.51,18/04/2025,3028,pending
etype,840,710.83,19/04/2025,4079,unpaid
ptype,841,730.73,20/04/2025,3746,paid
etype,842,591.83,21/04/2025,4663,pending
etype,843,360.01,22/04/2025,2844,paid
etype,844,122.2,23/04/2025,3939,unpaid
etype,845,859.38,24/04/2025,1037,unpaid
ptype,846,332.52,25/04/2025,4208,unpaid
ptype,847,173.27,26/04/2025,3952,pending
etype,848,188.05,27/04/2025,3345,pending
ptype,849,368.34,28/04/2025,4708,paid
ptype,850,969.99,29/04/2025,4148,pending
ptype,851,394.83,30/04/2025,1497,pending
ptype,852,447.45,01/05/2025,4699,paid
ptype,853,958.02,02/05/2025,4396,unpaid
etype,854,680.58,03/05/2025,3407,unpaid
ptype,855,319.95,04/05/2025,3690,pending
etype,856,119.89,05/05/2025,3575,paid
ptype,857,825.52,06/05/2025,2958,pending
etype,858,535.66,07/05/2025,4151,pending
etype,859,595.65,08/05/2025,4526,unpaid
etype,860,438.69,09/05/2025,3206,paid
etype,861,325.54,10/05/2025,3927,unpaid
ptype,862,900.05,11/05/2025,3413,pending
ptype,863,152.39,12/05/2025,2802,pending
ptype,864,731.12,13/05/2025,3409,pending
ptype,865,224.88,14/05/2025,2135,unpaid
etype,866,595.24,15/05/2025,3329,paid
ptype,867,113.72,16/05/2025,3606,paid
ptype,868,886.33,17/05/2025,2494,paid
ptype,869,199.54,18/05/2025,4419,paid
ptype,870,248.71,19/05/2025,4114,paid
ptype,871,537.86,20/05/2025,4561,pending
etype,872,913.83,21/05/2025,3565,unpaid
etype,873,919.65,22/05/2025,3525,unpaid
ptype,874,713.46,23/05/2025,1524,unpaid
etype,875,743.93,24/05/2025,2391,pending
ptype,876,396.79,25/05/2025,2946,pending
ptype,877,300.28,26/05/2025,2365,unpaid
etype,878,198.74,27/05/2025,4265,pending
ptype,879,321.72,28/05/2025,3179,paid
etype,880,777.11,29/05/2025,2643,pending
ptype,881,940.79,30/05/2025,1141,unpaid
etype,882,576.41,31/05/2025,3857,pending
etype,883,927.26,01/06/2025,1764,unpaid
ptype,884,372.35,02/06/2025,4410,unpaid
etype,885,276.8,03/06/2025,2020,unpaid
etype,886,208.62,04/06/2025,1215,pending
etype,887,357.86,05/06/2025,1545,paid
etype,888,908.11,06/06/2025,1883,pending
ptype,889,441.32,07/06/2025,3906,unpaid
ptype,890,745.14,08/06/2025,4035,paid
etype,891,952.34,09/06/2025,2437,pending
etype,892,305.71,10/06/2025,4779,unpaid
etype,893,189.26,11/06/2025,2138,unpaid
ptype,894,896.51,12/06/2025,4440,unpaid
ptype,895,480.7,13/06/2025,3152,unpaid
etype,896,636.19,14/06/2025,3835,unpaid
ptype,897,349.06,15/06/2025,3236,unpaid
etype,898,493.92,16/06/2025,3057,paid
ptype,899,901.01,17/06/2025,4293,unpaid
etype,900,649.96,18/06/2025,4205,unpaid
ptype,901,689.37,19/06/2025,2340,unpaid
etype,902,523.61,20/06/2025,2359,pending
etype,903,819.05,21/06/2025,3269,unpaid
ptype,904,934.98,22/06/2025,1608,paid
ptype,905,870.07,23/06/2025,1525,paid
ptype,906,420.13,24/06/2025,3820,unpaid
etype,907,958.15,25/06/2025,3386,unpaid
etype,908,145.36,26/06/2025,2561,unpaid
etype,909,993.38,27/06/2025,4184,paid
etype,910,889.4,28/06/2025,3248,unpaid
ptype,911,229.89,29/06/2025,2271,paid
etype,912,769.48,30/06/2025,4814,paid
ptype,913,969.59,01/07/2025,3725,pending
ptype,914,942.82,02/07/2025,4816,unpaid
etype,915,927.62,03/07/2025,1617,pending
ptype,916,890.56,04/07/2025,1146,paid
ptype,917,995.02,05/07/2025,3236,unpaid
etype,918,146.25,06/07/2025,3941,paid
ptype,919,756.1,07/07/2025,3235,paid
etype,920,945.41,08/07/2025,1011,pending
ptype,921,695.1,09/07/2025,4627,paid
etype,922,854.52,10/07/2025,2716,unpaid
etype,923,284.04,11/07/2025,2529,pending
ptype,924,607.11,12/07/2025,2128,pending
ptype,925,451.52,13/07/2025,3037,paid
ptype,926,877.39,14/07/2025,1031,paid
ptype,927,147.72,15/07/2025,2187,pending
ptype,928,223.89,16/07/2025,3785,pending
etype,929,557.26,17/07/2025,4850,paid
etype,930,811.11,18/07/2025,2322,unpaid
etype,931,953.22,19/07/2025,4017,paid
ptype,932,696.11,20/07/2025,3668,paid
ptype,933,106.37,21/07/2025,2542,paid
etype,934,873.21,22/07/2025,2266,pending
etype,935,281.95,23/07/2025,2154,pending
etype,936,862.2,24/07/2025,3602,unpaid
etype,937,113.31,25/07/2025,1834,paid
ptype,938,398.09,26/07/2025,1317,paid
ptype,939,940.24,27/07/2025,1679,pending
ptype,940,494.26,28/07/2025,3339,paid
ptype,941,967.72,29/07/2025,2120,unpaid
etype,942,631.96,30/07/2025,3272,unpaid
ptype,943,298.18,31/07/2025,1241,paid
etype,944,330.42,01/08/2025,1996,paid
ptype,945,115.54,02/08/2025,2399,pending
etype,946,380.32,03/08/2025,4615,paid
etype,947,764.3,04/08/2025,1816,pending
etype,948,978.03,05/08/2025,2580,paid
ptype,949,842.65,06/08/2025,4781,unpaid
etype,950,159.08,07/08/2025,3155,paid
ptype,951,511.02,08/08/2025,2945,unpaid
etype,952,197.28,09/08/2025,1626,unpaid
ptype,953,490.9,10/08/2025,3009,paid
etype,954,556.58,11/08/2025,4274,unpaid
ptype,955,578.62,12/08/2025,2455,paid
ptype,956,820.5,13/08/2025,4066,unpaid
etype,957,745.88,14/08/2025,1649,paid
ptype,958,421.3,15/08/2025,1274,paid
ptype,959,439.16,16/08/2025,3888,unpaid
ptype,960,584.6,17/08/2025,2831,paid
etype,961,591.44,18/08/2025,1595,pending
etype,962,663.32,19/08/2025,4170,pending
etype,963,797.98,20/08/2025,4600,pending
ptype,964,984.19,21/08/2025,1270,unpaid
ptype,965,432.57,22/08/2025,3988,unpaid
etype,966,773.55,23/08/2025,2915,paid
etype,967,546.84,24/08/2025,4150,unpaid
ptype,968,688.86,25/08/2025,1625,paid
ptype,969,316.06,26/08/2025,1686,pending
etype,970,958.34,27/08/2025,1742,paid
ptype,971,234.85,28/08/2025,2465,pending
etype,972,414.7,29/08/2025,3228,paid
ptype,973,756.38,30/08/2025,3006,pending
etype,974,182.23,31/08/2025,1944,pending
ptype,975,287.39,01/09/2025,2893,pending
etype,976,370.6,02/09/2025,3816,unpaid
ptype,977,841.85,03/09/2025,1477,pending
ptype,978,920.33,04/09/2025,2275,unpaid
ptype,979,197.35,05/09/2025,3246,paid
etype,980,804.73,06/09/2025,3953,pending
ptype,981,291.86,07/09/2025,4371,unpaid
ptype,982,593.23,08/09/2025,4799,unpaid
etype,983,929.86,09/09/2025,4569,paid
ptype,984,762.53,10/09/2025,2001,unpaid
ptype,985,505.75,11/09/2025,1321,pending
etype,986,119.06,12/09/2025,3797,pending
etype,987,956.19,13/09/2025,2746,unpaid
ptype,988,851.1,14/09/2025,4862,pending
ptype,989,181.26,15/09/2025,1540,paid
etype,990,659.44,16/09/2025,2460,paid
etype,991,915.32,17/09/2025,4786,paid
ptype,992,578.88,18/09/2025,3635,paid
ptype,993,101.52,19/09/2025,2987,unpaid
etype,994,824.61,20/09/2025,4473,paid
ptype,995,744.33,21/09/2025,3842,unpaid
etype,996,549.42,22/09/2025,2579,paid
ptype,997,267.58,23/09/2025,3762,unpaid
ptype,998,311.05,24/09/2025,4942,unpaid
etype,999,329.23,25/09/2025,1397,pending
ptype,1000,717.87,26/09/2025,1842,pending
